{"inputUnits":[63],"outputUnits":3,"inputs":{"0":{"dtype":"number","min":0.34867358207702637,"max":0.9433841705322266},"1":{"dtype":"number","min":0.40669846534729004,"max":0.892260730266571},"2":{"dtype":"number","min":-5.873968689229514e-7,"max":4.229084709095332e-7},"3":{"dtype":"number","min":0.2895910441875458,"max":0.8944058418273926},"4":{"dtype":"number","min":0.4605674147605896,"max":0.8445572853088379},"5":{"dtype":"number","min":-0.02702704258263111,"max":0.013700117357075214},"6":{"dtype":"number","min":0.2289757877588272,"max":0.8578231334686279},"7":{"dtype":"number","min":0.3797401487827301,"max":0.7594297528266907},"8":{"dtype":"number","min":-0.037269920110702515,"max":0.017601167783141136},"9":{"dtype":"number","min":0.18745091557502747,"max":0.8398615121841431},"10":{"dtype":"number","min":0.3196825385093689,"max":0.6823270320892334},"11":{"dtype":"number","min":-0.04679863154888153,"max":0.010839346796274185},"12":{"dtype":"number","min":0.1546880304813385,"max":0.845305860042572},"13":{"dtype":"number","min":0.2720113694667816,"max":0.6333209872245789},"14":{"dtype":"number","min":-0.05798658728599548,"max":0.003051178762689233},"15":{"dtype":"number","min":0.19234859943389893,"max":0.8723753094673157},"16":{"dtype":"number","min":0.2931961119174957,"max":0.6558293700218201},"17":{"dtype":"number","min":-0.022407978773117065,"max":0.05023066699504852},"18":{"dtype":"number","min":0.13281594216823578,"max":0.8748568892478943},"19":{"dtype":"number","min":0.215542733669281,"max":0.5980375409126282},"20":{"dtype":"number","min":-0.04346783459186554,"max":0.03256448358297348},"21":{"dtype":"number","min":0.09990721940994263,"max":0.8846651315689087},"22":{"dtype":"number","min":0.17278753221035004,"max":0.6132551431655884},"23":{"dtype":"number","min":-0.07382845878601074,"max":0.011340911500155926},"24":{"dtype":"number","min":0.07079489529132843,"max":0.8854304552078247},"25":{"dtype":"number","min":0.1363568902015686,"max":0.6239904761314392},"26":{"dtype":"number","min":-0.09047605842351913,"max":-0.001120390952564776},"27":{"dtype":"number","min":0.1940147578716278,"max":0.9020814299583435},"28":{"dtype":"number","min":0.2976464033126831,"max":0.6513010859489441},"29":{"dtype":"number","min":-0.02519531175494194,"max":0.026174191385507584},"30":{"dtype":"number","min":0.12983746826648712,"max":0.9084529280662537},"31":{"dtype":"number","min":0.21433736383914948,"max":0.6381192207336426},"32":{"dtype":"number","min":-0.0435316227376461,"max":0.020378343760967255},"33":{"dtype":"number","min":0.09233050048351288,"max":0.9123367071151733},"34":{"dtype":"number","min":0.16540050506591797,"max":0.6492263674736023},"35":{"dtype":"number","min":-0.05530945211648941,"max":0.012585506774485111},"36":{"dtype":"number","min":0.061636507511138916,"max":0.9063335061073303},"37":{"dtype":"number","min":0.12297689914703369,"max":0.649613618850708},"38":{"dtype":"number","min":-0.06460056453943253,"max":0.009941348806023598},"39":{"dtype":"number","min":0.20568503439426422,"max":0.9290962219238281},"40":{"dtype":"number","min":0.30783724784851074,"max":0.673322319984436},"41":{"dtype":"number","min":-0.032702408730983734,"max":0.011057388968765736},"42":{"dtype":"number","min":0.1455652117729187,"max":0.9361159205436707},"43":{"dtype":"number","min":0.22824719548225403,"max":0.6787446737289429},"44":{"dtype":"number","min":-0.04900606349110603,"max":0.007275048177689314},"45":{"dtype":"number","min":0.10994328558444977,"max":0.9358209371566772},"46":{"dtype":"number","min":0.18027636408805847,"max":0.6818364262580872},"47":{"dtype":"number","min":-0.05760490521788597,"max":0.006368743255734444},"48":{"dtype":"number","min":0.08228246867656708,"max":0.928279459476471},"49":{"dtype":"number","min":0.13900072872638702,"max":0.6745386719703674},"50":{"dtype":"number","min":-0.06358036398887634,"max":0.006820356007665396},"51":{"dtype":"number","min":0.22467178106307983,"max":0.9556213021278381},"52":{"dtype":"number","min":0.31242087483406067,"max":0.7072580456733704},"53":{"dtype":"number","min":-0.05013274773955345,"max":0.0022760157007724047},"54":{"dtype":"number","min":0.17803490161895752,"max":0.9601190686225891},"55":{"dtype":"number","min":0.2536561191082001,"max":0.712070882320404},"56":{"dtype":"number","min":-0.06436501443386078,"max":0.0037236434873193502},"57":{"dtype":"number","min":0.1495654284954071,"max":0.95838463306427},"58":{"dtype":"number","min":0.21846237778663635,"max":0.7134038209915161},"59":{"dtype":"number","min":-0.06628397107124329,"max":0.00683214794844389},"60":{"dtype":"number","min":0.12553608417510986,"max":0.9528504014015198},"61":{"dtype":"number","min":0.18673966825008392,"max":0.7062885761260986},"62":{"dtype":"number","min":-0.06740611046552658,"max":0.008308482356369495}},"outputs":{"label":{"dtype":"string","min":0,"max":1,"uniqueValues":["okay","closed","open"],"legend":{"okay":[1,0,0],"closed":[0,1,0],"open":[0,0,1]}}},"isNormalized":true}